Nom;Jeu de ref;Temps ajouté
Armada;7 Wonders;10
Babel;7 Wonders;10
Cities;7 Wonders;10
Leaders;7 Wonders;10
Le vide;Aeon's End;0
Marins;Catan;0
Villes & chevaliers;Catan;45
Cartes supplémentaires;Dixit;0
A feu & à sang;Dungeon Twister;0
Mercenaires;Dungeon Twister;0
Plateau modulaire;Full Metal Planete;30
Tribu et personnages;Galérapagos;0
Corruption et Ascension;It's a Wonderful World;0
La bataille des rois;Le trône de fer;0
Mythologique;Mare Nostrum;0
Mascarade Extension;Mascarade;0
Sanctuary;Not Alone;15
Embrasement;Oriflamme;0
Lux et Tenebrae;Res Arcana;0
Perlae Imperii;Res Arcana;0
Season of Inis;Inis;30
Contes et légendes;Smallworld;0
Même pas peur;Smallworld;0
Colonies;Terraforming Mars;20
Turmoil;Terraforming Mars;30
Venus Next;Terraforming Mars;20
